[
{
    "pk": "Australia", 
    "model": "patients.country", 
    "fields": {}
},
{
    "pk": "WA", 
    "model": "patients.state", 
    "fields": {
        "country": "Australia", 
        "name": "Western Australia"
    }
},
{
    "pk": 1, 
    "model": "patients.doctor", 
    "fields": {
        "family_name": "Example", 
        "speciality": "General Practitioner", 
        "surgery_name": "Example", 
        "phone": "", 
        "suburb": "Perth", 
        "state": "WA", 
        "address": "1 Smith St", 
        "email": "", 
        "given_names": "John"
    }
},
{
    "pk": 3, 
    "model": "patients.patient", 
    "fields": {
        "next_of_kin_relationship": null, 
        "given_names": "YCT6OFSMEL", 
        "umrn": "", 
        "consent": true, 
        "date_of_migration": null, 
        "next_of_kin_state": null, 
        "sex": "M", 
        "postcode": 6666, 
        "next_of_kin_given_names": "", 
        "next_of_kin_work_phone": "", 
        "working_group": 1, 
        "next_of_kin_parent_place_of_birth": "", 
        "work_phone": "", 
        "next_of_kin_email": "", 
        "state": "WA", 
        "date_of_birth": "1984-02-02", 
        "home_phone": "", 
        "email": "", 
        "next_of_kin_family_name": "", 
        "mobile_phone": "", 
        "next_of_kin_address": "", 
        "suburb": "Suburb", 
        "address": "Address", 
        "active": true, 
        "next_of_kin_home_phone": "", 
        "family_name": "4OYQQ6RAKQ", 
        "inactive_reason": "", 
        "next_of_kin_mobile_phone": "", 
        "place_of_birth": "", 
        "next_of_kin_postcode": null, 
        "next_of_kin_suburb": ""
    }
},
{
    "pk": 4, 
    "model": "patients.patient", 
    "fields": {
        "next_of_kin_relationship": null, 
        "given_names": "Y02A97K4GP", 
        "umrn": "", 
        "consent": true, 
        "date_of_migration": null, 
        "next_of_kin_state": null, 
        "sex": "M", 
        "postcode": 6666, 
        "next_of_kin_given_names": "", 
        "next_of_kin_work_phone": "", 
        "working_group": 1, 
        "next_of_kin_parent_place_of_birth": "", 
        "work_phone": "", 
        "next_of_kin_email": "", 
        "state": "WA", 
        "date_of_birth": "1984-02-02", 
        "home_phone": "", 
        "email": "", 
        "next_of_kin_family_name": "", 
        "mobile_phone": "", 
        "next_of_kin_address": "", 
        "suburb": "Suburb", 
        "address": "Address", 
        "active": true, 
        "next_of_kin_home_phone": "", 
        "family_name": "24EW8W0D1I", 
        "inactive_reason": "", 
        "next_of_kin_mobile_phone": "", 
        "place_of_birth": "", 
        "next_of_kin_postcode": null, 
        "next_of_kin_suburb": ""
    }
},
{
    "pk": 5, 
    "model": "patients.patient", 
    "fields": {
        "next_of_kin_relationship": null, 
        "given_names": "KVPAY1G6RY", 
        "umrn": "", 
        "consent": true, 
        "date_of_migration": null, 
        "next_of_kin_state": null, 
        "sex": "M", 
        "postcode": 6666, 
        "next_of_kin_given_names": "", 
        "next_of_kin_work_phone": "", 
        "working_group": 1, 
        "next_of_kin_parent_place_of_birth": "", 
        "work_phone": "", 
        "next_of_kin_email": "", 
        "state": "WA", 
        "date_of_birth": "1984-02-02", 
        "home_phone": "", 
        "email": "", 
        "next_of_kin_family_name": "", 
        "mobile_phone": "", 
        "next_of_kin_address": "", 
        "suburb": "Suburb", 
        "address": "Address", 
        "active": true, 
        "next_of_kin_home_phone": "", 
        "family_name": "JVX2VLMPK6", 
        "inactive_reason": "", 
        "next_of_kin_mobile_phone": "", 
        "place_of_birth": "", 
        "next_of_kin_postcode": null, 
        "next_of_kin_suburb": ""
    }
},
{
    "pk": 6, 
    "model": "patients.patient", 
    "fields": {
        "next_of_kin_relationship": null, 
        "given_names": "8RE8FU39V2", 
        "umrn": "", 
        "consent": true, 
        "date_of_migration": null, 
        "next_of_kin_state": null, 
        "sex": "M", 
        "postcode": 6666, 
        "next_of_kin_given_names": "", 
        "next_of_kin_work_phone": "", 
        "working_group": 1, 
        "next_of_kin_parent_place_of_birth": "", 
        "work_phone": "", 
        "next_of_kin_email": "", 
        "state": "WA", 
        "date_of_birth": "1984-02-02", 
        "home_phone": "", 
        "email": "", 
        "next_of_kin_family_name": "", 
        "mobile_phone": "", 
        "next_of_kin_address": "", 
        "suburb": "Suburb", 
        "address": "Address", 
        "active": true, 
        "next_of_kin_home_phone": "", 
        "family_name": "S97NO0LZSN", 
        "inactive_reason": "", 
        "next_of_kin_mobile_phone": "", 
        "place_of_birth": "", 
        "next_of_kin_postcode": null, 
        "next_of_kin_suburb": ""
    }
},
{
    "pk": 7, 
    "model": "patients.patient", 
    "fields": {
        "next_of_kin_relationship": null, 
        "given_names": "6KTARCJ316", 
        "umrn": "", 
        "consent": true, 
        "date_of_migration": null, 
        "next_of_kin_state": null, 
        "sex": "M", 
        "postcode": 6666, 
        "next_of_kin_given_names": "", 
        "next_of_kin_work_phone": "", 
        "working_group": 1, 
        "next_of_kin_parent_place_of_birth": "", 
        "work_phone": "", 
        "next_of_kin_email": "", 
        "state": "WA", 
        "date_of_birth": "1984-02-02", 
        "home_phone": "", 
        "email": "", 
        "next_of_kin_family_name": "", 
        "mobile_phone": "", 
        "next_of_kin_address": "", 
        "suburb": "Suburb", 
        "address": "Address", 
        "active": true, 
        "next_of_kin_home_phone": "", 
        "family_name": "O74PEF5QMY", 
        "inactive_reason": "", 
        "next_of_kin_mobile_phone": "", 
        "place_of_birth": "", 
        "next_of_kin_postcode": null, 
        "next_of_kin_suburb": ""
    }
},
{
    "pk": 8, 
    "model": "patients.patient", 
    "fields": {
        "next_of_kin_relationship": null, 
        "given_names": "VXGQJNO3H8", 
        "umrn": "", 
        "consent": true, 
        "date_of_migration": null, 
        "next_of_kin_state": null, 
        "sex": "M", 
        "postcode": 6666, 
        "next_of_kin_given_names": "", 
        "next_of_kin_work_phone": "", 
        "working_group": 1, 
        "next_of_kin_parent_place_of_birth": "", 
        "work_phone": "", 
        "next_of_kin_email": "", 
        "state": "WA", 
        "date_of_birth": "1984-02-02", 
        "home_phone": "", 
        "email": "", 
        "next_of_kin_family_name": "", 
        "mobile_phone": "", 
        "next_of_kin_address": "", 
        "suburb": "Suburb", 
        "address": "Address", 
        "active": true, 
        "next_of_kin_home_phone": "", 
        "family_name": "QE6L7J1EVT", 
        "inactive_reason": "", 
        "next_of_kin_mobile_phone": "", 
        "place_of_birth": "", 
        "next_of_kin_postcode": null, 
        "next_of_kin_suburb": ""
    }
},
{
    "pk": 9, 
    "model": "patients.patient", 
    "fields": {
        "next_of_kin_relationship": null, 
        "given_names": "TY7OUC7Q2T", 
        "umrn": "", 
        "consent": true, 
        "date_of_migration": null, 
        "next_of_kin_state": null, 
        "sex": "M", 
        "postcode": 6666, 
        "next_of_kin_given_names": "", 
        "next_of_kin_work_phone": "", 
        "working_group": 1, 
        "next_of_kin_parent_place_of_birth": "", 
        "work_phone": "", 
        "next_of_kin_email": "", 
        "state": "WA", 
        "date_of_birth": "1984-02-02", 
        "home_phone": "", 
        "email": "", 
        "next_of_kin_family_name": "", 
        "mobile_phone": "", 
        "next_of_kin_address": "", 
        "suburb": "Suburb", 
        "address": "Address", 
        "active": true, 
        "next_of_kin_home_phone": "", 
        "family_name": "BT6TIRRF9H", 
        "inactive_reason": "", 
        "next_of_kin_mobile_phone": "", 
        "place_of_birth": "", 
        "next_of_kin_postcode": null, 
        "next_of_kin_suburb": ""
    }
},
{
    "pk": 10, 
    "model": "patients.patient", 
    "fields": {
        "next_of_kin_relationship": null, 
        "given_names": "08L6Y6AS63", 
        "umrn": "", 
        "consent": true, 
        "date_of_migration": null, 
        "next_of_kin_state": null, 
        "sex": "M", 
        "postcode": 6666, 
        "next_of_kin_given_names": "", 
        "next_of_kin_work_phone": "", 
        "working_group": 1, 
        "next_of_kin_parent_place_of_birth": "", 
        "work_phone": "", 
        "next_of_kin_email": "", 
        "state": "WA", 
        "date_of_birth": "1984-02-02", 
        "home_phone": "", 
        "email": "", 
        "next_of_kin_family_name": "", 
        "mobile_phone": "", 
        "next_of_kin_address": "", 
        "suburb": "Suburb", 
        "address": "Address", 
        "active": true, 
        "next_of_kin_home_phone": "", 
        "family_name": "38V8SJW0E6", 
        "inactive_reason": "", 
        "next_of_kin_mobile_phone": "", 
        "place_of_birth": "", 
        "next_of_kin_postcode": null, 
        "next_of_kin_suburb": ""
    }
},
{
    "pk": 11, 
    "model": "patients.patient", 
    "fields": {
        "next_of_kin_relationship": null, 
        "given_names": "CLZNRU27AB", 
        "umrn": "", 
        "consent": true, 
        "date_of_migration": null, 
        "next_of_kin_state": null, 
        "sex": "M", 
        "postcode": 6666, 
        "next_of_kin_given_names": "", 
        "next_of_kin_work_phone": "", 
        "working_group": 1, 
        "next_of_kin_parent_place_of_birth": "", 
        "work_phone": "", 
        "next_of_kin_email": "", 
        "state": "WA", 
        "date_of_birth": "1984-02-02", 
        "home_phone": "", 
        "email": "", 
        "next_of_kin_family_name": "", 
        "mobile_phone": "", 
        "next_of_kin_address": "", 
        "suburb": "Suburb", 
        "address": "Address", 
        "active": true, 
        "next_of_kin_home_phone": "", 
        "family_name": "ZGE9K466G3", 
        "inactive_reason": "", 
        "next_of_kin_mobile_phone": "", 
        "place_of_birth": "", 
        "next_of_kin_postcode": null, 
        "next_of_kin_suburb": ""
    }
},
{
    "pk": 12, 
    "model": "patients.patient", 
    "fields": {
        "next_of_kin_relationship": null, 
        "given_names": "TJ8RRUCEUA", 
        "umrn": "", 
        "consent": true, 
        "date_of_migration": null, 
        "next_of_kin_state": null, 
        "sex": "M", 
        "postcode": 6666, 
        "next_of_kin_given_names": "", 
        "next_of_kin_work_phone": "", 
        "working_group": 1, 
        "next_of_kin_parent_place_of_birth": "", 
        "work_phone": "", 
        "next_of_kin_email": "", 
        "state": "WA", 
        "date_of_birth": "1984-02-02", 
        "home_phone": "", 
        "email": "", 
        "next_of_kin_family_name": "", 
        "mobile_phone": "", 
        "next_of_kin_address": "", 
        "suburb": "Suburb", 
        "address": "Address", 
        "active": true, 
        "next_of_kin_home_phone": "", 
        "family_name": "UC5E7YEBXX", 
        "inactive_reason": "", 
        "next_of_kin_mobile_phone": "", 
        "place_of_birth": "", 
        "next_of_kin_postcode": null, 
        "next_of_kin_suburb": ""
    }
},
{
    "pk": 13, 
    "model": "patients.patient", 
    "fields": {
        "next_of_kin_relationship": null, 
        "given_names": "8R6M58U0MB", 
        "umrn": "", 
        "consent": true, 
        "date_of_migration": null, 
        "next_of_kin_state": null, 
        "sex": "M", 
        "postcode": 6666, 
        "next_of_kin_given_names": "", 
        "next_of_kin_work_phone": "", 
        "working_group": 1, 
        "next_of_kin_parent_place_of_birth": "", 
        "work_phone": "", 
        "next_of_kin_email": "", 
        "state": "WA", 
        "date_of_birth": "1984-02-02", 
        "home_phone": "", 
        "email": "", 
        "next_of_kin_family_name": "", 
        "mobile_phone": "", 
        "next_of_kin_address": "", 
        "suburb": "Suburb", 
        "address": "Address", 
        "active": true, 
        "next_of_kin_home_phone": "", 
        "family_name": "B60YLLX3RY", 
        "inactive_reason": "", 
        "next_of_kin_mobile_phone": "", 
        "place_of_birth": "", 
        "next_of_kin_postcode": null, 
        "next_of_kin_suburb": ""
    }
},
{
    "pk": 14, 
    "model": "patients.patient", 
    "fields": {
        "next_of_kin_relationship": null, 
        "given_names": "KLRZ7H4CPX", 
        "umrn": "", 
        "consent": true, 
        "date_of_migration": null, 
        "next_of_kin_state": null, 
        "sex": "M", 
        "postcode": 6666, 
        "next_of_kin_given_names": "", 
        "next_of_kin_work_phone": "", 
        "working_group": 1, 
        "next_of_kin_parent_place_of_birth": "", 
        "work_phone": "", 
        "next_of_kin_email": "", 
        "state": "WA", 
        "date_of_birth": "1984-02-02", 
        "home_phone": "", 
        "email": "", 
        "next_of_kin_family_name": "", 
        "mobile_phone": "", 
        "next_of_kin_address": "", 
        "suburb": "Suburb", 
        "address": "Address", 
        "active": true, 
        "next_of_kin_home_phone": "", 
        "family_name": "LJ6O5OVG27", 
        "inactive_reason": "", 
        "next_of_kin_mobile_phone": "", 
        "place_of_birth": "", 
        "next_of_kin_postcode": null, 
        "next_of_kin_suburb": ""
    }
},
{
    "pk": 15, 
    "model": "patients.patient", 
    "fields": {
        "next_of_kin_relationship": null, 
        "given_names": "DYDJE8RQ3Z", 
        "umrn": "", 
        "consent": true, 
        "date_of_migration": null, 
        "next_of_kin_state": null, 
        "sex": "M", 
        "postcode": 6666, 
        "next_of_kin_given_names": "", 
        "next_of_kin_work_phone": "", 
        "working_group": 1, 
        "next_of_kin_parent_place_of_birth": "", 
        "work_phone": "", 
        "next_of_kin_email": "", 
        "state": "WA", 
        "date_of_birth": "1984-02-02", 
        "home_phone": "", 
        "email": "", 
        "next_of_kin_family_name": "", 
        "mobile_phone": "", 
        "next_of_kin_address": "", 
        "suburb": "Suburb", 
        "address": "Address", 
        "active": true, 
        "next_of_kin_home_phone": "", 
        "family_name": "JS0FR3DA09", 
        "inactive_reason": "", 
        "next_of_kin_mobile_phone": "", 
        "place_of_birth": "", 
        "next_of_kin_postcode": null, 
        "next_of_kin_suburb": ""
    }
},
{
    "pk": 16, 
    "model": "patients.patient", 
    "fields": {
        "next_of_kin_relationship": null, 
        "given_names": "2SPCEI0WBF", 
        "umrn": "", 
        "consent": true, 
        "date_of_migration": null, 
        "next_of_kin_state": null, 
        "sex": "M", 
        "postcode": 6666, 
        "next_of_kin_given_names": "", 
        "next_of_kin_work_phone": "", 
        "working_group": 1, 
        "next_of_kin_parent_place_of_birth": "", 
        "work_phone": "", 
        "next_of_kin_email": "", 
        "state": "WA", 
        "date_of_birth": "1984-02-02", 
        "home_phone": "", 
        "email": "", 
        "next_of_kin_family_name": "", 
        "mobile_phone": "", 
        "next_of_kin_address": "", 
        "suburb": "Suburb", 
        "address": "Address", 
        "active": true, 
        "next_of_kin_home_phone": "", 
        "family_name": "5EFFJQGHWW", 
        "inactive_reason": "", 
        "next_of_kin_mobile_phone": "", 
        "place_of_birth": "", 
        "next_of_kin_postcode": null, 
        "next_of_kin_suburb": ""
    }
},
{
    "pk": 17, 
    "model": "patients.patient", 
    "fields": {
        "next_of_kin_relationship": null, 
        "given_names": "P194A40LVW", 
        "umrn": "", 
        "consent": true, 
        "date_of_migration": null, 
        "next_of_kin_state": null, 
        "sex": "M", 
        "postcode": 6666, 
        "next_of_kin_given_names": "", 
        "next_of_kin_work_phone": "", 
        "working_group": 1, 
        "next_of_kin_parent_place_of_birth": "", 
        "work_phone": "", 
        "next_of_kin_email": "", 
        "state": "WA", 
        "date_of_birth": "1984-02-02", 
        "home_phone": "", 
        "email": "", 
        "next_of_kin_family_name": "", 
        "mobile_phone": "", 
        "next_of_kin_address": "", 
        "suburb": "Suburb", 
        "address": "Address", 
        "active": true, 
        "next_of_kin_home_phone": "", 
        "family_name": "LQA4YO7IV0", 
        "inactive_reason": "", 
        "next_of_kin_mobile_phone": "", 
        "place_of_birth": "", 
        "next_of_kin_postcode": null, 
        "next_of_kin_suburb": ""
    }
},
{
    "pk": 18, 
    "model": "patients.patient", 
    "fields": {
        "next_of_kin_relationship": null, 
        "given_names": "9H9X0NP04C", 
        "umrn": "", 
        "consent": true, 
        "date_of_migration": null, 
        "next_of_kin_state": null, 
        "sex": "M", 
        "postcode": 6666, 
        "next_of_kin_given_names": "", 
        "next_of_kin_work_phone": "", 
        "working_group": 1, 
        "next_of_kin_parent_place_of_birth": "", 
        "work_phone": "", 
        "next_of_kin_email": "", 
        "state": "WA", 
        "date_of_birth": "1984-02-02", 
        "home_phone": "", 
        "email": "", 
        "next_of_kin_family_name": "", 
        "mobile_phone": "", 
        "next_of_kin_address": "", 
        "suburb": "Suburb", 
        "address": "Address", 
        "active": true, 
        "next_of_kin_home_phone": "", 
        "family_name": "HHBJRCJW8V", 
        "inactive_reason": "", 
        "next_of_kin_mobile_phone": "", 
        "place_of_birth": "", 
        "next_of_kin_postcode": null, 
        "next_of_kin_suburb": ""
    }
},
{
    "pk": 19, 
    "model": "patients.patient", 
    "fields": {
        "next_of_kin_relationship": null, 
        "given_names": "TXJAIZ6JYP", 
        "umrn": "", 
        "consent": true, 
        "date_of_migration": null, 
        "next_of_kin_state": null, 
        "sex": "M", 
        "postcode": 6666, 
        "next_of_kin_given_names": "", 
        "next_of_kin_work_phone": "", 
        "working_group": 1, 
        "next_of_kin_parent_place_of_birth": "", 
        "work_phone": "", 
        "next_of_kin_email": "", 
        "state": "WA", 
        "date_of_birth": "1984-02-02", 
        "home_phone": "", 
        "email": "", 
        "next_of_kin_family_name": "", 
        "mobile_phone": "", 
        "next_of_kin_address": "", 
        "suburb": "Suburb", 
        "address": "Address", 
        "active": true, 
        "next_of_kin_home_phone": "", 
        "family_name": "M94I8KKWZP", 
        "inactive_reason": "", 
        "next_of_kin_mobile_phone": "", 
        "place_of_birth": "", 
        "next_of_kin_postcode": null, 
        "next_of_kin_suburb": ""
    }
},
{
    "pk": 20, 
    "model": "patients.patient", 
    "fields": {
        "next_of_kin_relationship": null, 
        "given_names": "KTTZK8KW3F", 
        "umrn": "", 
        "consent": true, 
        "date_of_migration": null, 
        "next_of_kin_state": null, 
        "sex": "M", 
        "postcode": 6666, 
        "next_of_kin_given_names": "", 
        "next_of_kin_work_phone": "", 
        "working_group": 1, 
        "next_of_kin_parent_place_of_birth": "", 
        "work_phone": "", 
        "next_of_kin_email": "", 
        "state": "WA", 
        "date_of_birth": "1984-02-02", 
        "home_phone": "", 
        "email": "", 
        "next_of_kin_family_name": "", 
        "mobile_phone": "", 
        "next_of_kin_address": "", 
        "suburb": "Suburb", 
        "address": "Address", 
        "active": true, 
        "next_of_kin_home_phone": "", 
        "family_name": "ZMVUKNW1ZI", 
        "inactive_reason": "", 
        "next_of_kin_mobile_phone": "", 
        "place_of_birth": "", 
        "next_of_kin_postcode": null, 
        "next_of_kin_suburb": ""
    }
},
{
    "pk": 21, 
    "model": "patients.patient", 
    "fields": {
        "next_of_kin_relationship": null, 
        "given_names": "2LPW6OW1E7", 
        "umrn": "", 
        "consent": true, 
        "date_of_migration": null, 
        "next_of_kin_state": null, 
        "sex": "M", 
        "postcode": 6666, 
        "next_of_kin_given_names": "", 
        "next_of_kin_work_phone": "", 
        "working_group": 1, 
        "next_of_kin_parent_place_of_birth": "", 
        "work_phone": "", 
        "next_of_kin_email": "", 
        "state": "WA", 
        "date_of_birth": "1984-02-02", 
        "home_phone": "", 
        "email": "", 
        "next_of_kin_family_name": "", 
        "mobile_phone": "", 
        "next_of_kin_address": "", 
        "suburb": "Suburb", 
        "address": "Address", 
        "active": true, 
        "next_of_kin_home_phone": "", 
        "family_name": "J3AAMGJNHV", 
        "inactive_reason": "", 
        "next_of_kin_mobile_phone": "", 
        "place_of_birth": "", 
        "next_of_kin_postcode": null, 
        "next_of_kin_suburb": ""
    }
},
{
    "pk": 22, 
    "model": "patients.patient", 
    "fields": {
        "next_of_kin_relationship": null, 
        "given_names": "IOUAQWMWCC", 
        "umrn": "", 
        "consent": true, 
        "date_of_migration": null, 
        "next_of_kin_state": null, 
        "sex": "M", 
        "postcode": 6666, 
        "next_of_kin_given_names": "", 
        "next_of_kin_work_phone": "", 
        "working_group": 1, 
        "next_of_kin_parent_place_of_birth": "", 
        "work_phone": "", 
        "next_of_kin_email": "", 
        "state": "WA", 
        "date_of_birth": "1984-02-02", 
        "home_phone": "", 
        "email": "", 
        "next_of_kin_family_name": "", 
        "mobile_phone": "", 
        "next_of_kin_address": "", 
        "suburb": "Suburb", 
        "address": "Address", 
        "active": true, 
        "next_of_kin_home_phone": "", 
        "family_name": "NOUWN61GRS", 
        "inactive_reason": "", 
        "next_of_kin_mobile_phone": "", 
        "place_of_birth": "", 
        "next_of_kin_postcode": null, 
        "next_of_kin_suburb": ""
    }
},
{
    "pk": 23, 
    "model": "patients.patient", 
    "fields": {
        "next_of_kin_relationship": null, 
        "given_names": "EX5ZM373PA", 
        "umrn": "", 
        "consent": true, 
        "date_of_migration": null, 
        "next_of_kin_state": null, 
        "sex": "M", 
        "postcode": 6666, 
        "next_of_kin_given_names": "", 
        "next_of_kin_work_phone": "", 
        "working_group": 1, 
        "next_of_kin_parent_place_of_birth": "", 
        "work_phone": "", 
        "next_of_kin_email": "", 
        "state": "WA", 
        "date_of_birth": "1984-02-02", 
        "home_phone": "", 
        "email": "", 
        "next_of_kin_family_name": "", 
        "mobile_phone": "", 
        "next_of_kin_address": "", 
        "suburb": "Suburb", 
        "address": "Address", 
        "active": true, 
        "next_of_kin_home_phone": "", 
        "family_name": "TKKQA67KFA", 
        "inactive_reason": "", 
        "next_of_kin_mobile_phone": "", 
        "place_of_birth": "", 
        "next_of_kin_postcode": null, 
        "next_of_kin_suburb": ""
    }
},
{
    "pk": 24, 
    "model": "patients.patient", 
    "fields": {
        "next_of_kin_relationship": null, 
        "given_names": "QYEBR0EI58", 
        "umrn": "", 
        "consent": true, 
        "date_of_migration": null, 
        "next_of_kin_state": null, 
        "sex": "M", 
        "postcode": 6666, 
        "next_of_kin_given_names": "", 
        "next_of_kin_work_phone": "", 
        "working_group": 1, 
        "next_of_kin_parent_place_of_birth": "", 
        "work_phone": "", 
        "next_of_kin_email": "", 
        "state": "WA", 
        "date_of_birth": "1984-02-02", 
        "home_phone": "", 
        "email": "", 
        "next_of_kin_family_name": "", 
        "mobile_phone": "", 
        "next_of_kin_address": "", 
        "suburb": "Suburb", 
        "address": "Address", 
        "active": true, 
        "next_of_kin_home_phone": "", 
        "family_name": "NIB0POQNF2", 
        "inactive_reason": "", 
        "next_of_kin_mobile_phone": "", 
        "place_of_birth": "", 
        "next_of_kin_postcode": null, 
        "next_of_kin_suburb": ""
    }
},
{
    "pk": 25, 
    "model": "patients.patient", 
    "fields": {
        "next_of_kin_relationship": null, 
        "given_names": "CKZB0JEWQZ", 
        "umrn": "", 
        "consent": true, 
        "date_of_migration": null, 
        "next_of_kin_state": null, 
        "sex": "M", 
        "postcode": 6666, 
        "next_of_kin_given_names": "", 
        "next_of_kin_work_phone": "", 
        "working_group": 1, 
        "next_of_kin_parent_place_of_birth": "", 
        "work_phone": "", 
        "next_of_kin_email": "", 
        "state": "WA", 
        "date_of_birth": "1984-02-02", 
        "home_phone": "", 
        "email": "", 
        "next_of_kin_family_name": "", 
        "mobile_phone": "", 
        "next_of_kin_address": "", 
        "suburb": "Suburb", 
        "address": "Address", 
        "active": true, 
        "next_of_kin_home_phone": "", 
        "family_name": "51FG4OA2P5", 
        "inactive_reason": "", 
        "next_of_kin_mobile_phone": "", 
        "place_of_birth": "", 
        "next_of_kin_postcode": null, 
        "next_of_kin_suburb": ""
    }
},
{
    "pk": 26, 
    "model": "patients.patient", 
    "fields": {
        "next_of_kin_relationship": null, 
        "given_names": "I65D1IN6ZD", 
        "umrn": "", 
        "consent": true, 
        "date_of_migration": null, 
        "next_of_kin_state": null, 
        "sex": "M", 
        "postcode": 6666, 
        "next_of_kin_given_names": "", 
        "next_of_kin_work_phone": "", 
        "working_group": 1, 
        "next_of_kin_parent_place_of_birth": "", 
        "work_phone": "", 
        "next_of_kin_email": "", 
        "state": "WA", 
        "date_of_birth": "1984-02-02", 
        "home_phone": "", 
        "email": "", 
        "next_of_kin_family_name": "", 
        "mobile_phone": "", 
        "next_of_kin_address": "", 
        "suburb": "Suburb", 
        "address": "Address", 
        "active": true, 
        "next_of_kin_home_phone": "", 
        "family_name": "IQS0A2X688", 
        "inactive_reason": "", 
        "next_of_kin_mobile_phone": "", 
        "place_of_birth": "", 
        "next_of_kin_postcode": null, 
        "next_of_kin_suburb": ""
    }
},
{
    "pk": 27, 
    "model": "patients.patient", 
    "fields": {
        "next_of_kin_relationship": null, 
        "given_names": "UYXLLCDVRT", 
        "umrn": "", 
        "consent": true, 
        "date_of_migration": null, 
        "next_of_kin_state": null, 
        "sex": "M", 
        "postcode": 6666, 
        "next_of_kin_given_names": "", 
        "next_of_kin_work_phone": "", 
        "working_group": 1, 
        "next_of_kin_parent_place_of_birth": "", 
        "work_phone": "", 
        "next_of_kin_email": "", 
        "state": "WA", 
        "date_of_birth": "1984-02-02", 
        "home_phone": "", 
        "email": "", 
        "next_of_kin_family_name": "", 
        "mobile_phone": "", 
        "next_of_kin_address": "", 
        "suburb": "Suburb", 
        "address": "Address", 
        "active": true, 
        "next_of_kin_home_phone": "", 
        "family_name": "6M1AOBKDT9", 
        "inactive_reason": "", 
        "next_of_kin_mobile_phone": "", 
        "place_of_birth": "", 
        "next_of_kin_postcode": null, 
        "next_of_kin_suburb": ""
    }
},
{
    "pk": 28, 
    "model": "patients.patient", 
    "fields": {
        "next_of_kin_relationship": null, 
        "given_names": "LMIQZ4S7CR", 
        "umrn": "", 
        "consent": true, 
        "date_of_migration": null, 
        "next_of_kin_state": null, 
        "sex": "M", 
        "postcode": 6666, 
        "next_of_kin_given_names": "", 
        "next_of_kin_work_phone": "", 
        "working_group": 1, 
        "next_of_kin_parent_place_of_birth": "", 
        "work_phone": "", 
        "next_of_kin_email": "", 
        "state": "WA", 
        "date_of_birth": "1984-02-02", 
        "home_phone": "", 
        "email": "", 
        "next_of_kin_family_name": "", 
        "mobile_phone": "", 
        "next_of_kin_address": "", 
        "suburb": "Suburb", 
        "address": "Address", 
        "active": true, 
        "next_of_kin_home_phone": "", 
        "family_name": "8V22AV53O0", 
        "inactive_reason": "", 
        "next_of_kin_mobile_phone": "", 
        "place_of_birth": "", 
        "next_of_kin_postcode": null, 
        "next_of_kin_suburb": ""
    }
},
{
    "pk": 29, 
    "model": "patients.patient", 
    "fields": {
        "next_of_kin_relationship": null, 
        "given_names": "8RTU1WC4PI", 
        "umrn": "", 
        "consent": true, 
        "date_of_migration": null, 
        "next_of_kin_state": null, 
        "sex": "M", 
        "postcode": 6666, 
        "next_of_kin_given_names": "", 
        "next_of_kin_work_phone": "", 
        "working_group": 1, 
        "next_of_kin_parent_place_of_birth": "", 
        "work_phone": "", 
        "next_of_kin_email": "", 
        "state": "WA", 
        "date_of_birth": "1984-02-02", 
        "home_phone": "", 
        "email": "", 
        "next_of_kin_family_name": "", 
        "mobile_phone": "", 
        "next_of_kin_address": "", 
        "suburb": "Suburb", 
        "address": "Address", 
        "active": true, 
        "next_of_kin_home_phone": "", 
        "family_name": "GLCG4LOPOP", 
        "inactive_reason": "", 
        "next_of_kin_mobile_phone": "", 
        "place_of_birth": "", 
        "next_of_kin_postcode": null, 
        "next_of_kin_suburb": ""
    }
},
{
    "pk": 30, 
    "model": "patients.patient", 
    "fields": {
        "next_of_kin_relationship": null, 
        "given_names": "L1IVARJ03E", 
        "umrn": "", 
        "consent": true, 
        "date_of_migration": null, 
        "next_of_kin_state": null, 
        "sex": "M", 
        "postcode": 6666, 
        "next_of_kin_given_names": "", 
        "next_of_kin_work_phone": "", 
        "working_group": 1, 
        "next_of_kin_parent_place_of_birth": "", 
        "work_phone": "", 
        "next_of_kin_email": "", 
        "state": "WA", 
        "date_of_birth": "1984-02-02", 
        "home_phone": "", 
        "email": "", 
        "next_of_kin_family_name": "", 
        "mobile_phone": "", 
        "next_of_kin_address": "", 
        "suburb": "Suburb", 
        "address": "Address", 
        "active": true, 
        "next_of_kin_home_phone": "", 
        "family_name": "I0IVXZNUUF", 
        "inactive_reason": "", 
        "next_of_kin_mobile_phone": "", 
        "place_of_birth": "", 
        "next_of_kin_postcode": null, 
        "next_of_kin_suburb": ""
    }
},
{
    "pk": 31, 
    "model": "patients.patient", 
    "fields": {
        "next_of_kin_relationship": null, 
        "given_names": "V7M5J09ZBG", 
        "umrn": "", 
        "consent": true, 
        "date_of_migration": null, 
        "next_of_kin_state": null, 
        "sex": "M", 
        "postcode": 6666, 
        "next_of_kin_given_names": "", 
        "next_of_kin_work_phone": "", 
        "working_group": 1, 
        "next_of_kin_parent_place_of_birth": "", 
        "work_phone": "", 
        "next_of_kin_email": "", 
        "state": "WA", 
        "date_of_birth": "1984-02-02", 
        "home_phone": "", 
        "email": "", 
        "next_of_kin_family_name": "", 
        "mobile_phone": "", 
        "next_of_kin_address": "", 
        "suburb": "Suburb", 
        "address": "Address", 
        "active": true, 
        "next_of_kin_home_phone": "", 
        "family_name": "I0D6NCX5OI", 
        "inactive_reason": "", 
        "next_of_kin_mobile_phone": "", 
        "place_of_birth": "", 
        "next_of_kin_postcode": null, 
        "next_of_kin_suburb": ""
    }
},
{
    "pk": 32, 
    "model": "patients.patient", 
    "fields": {
        "next_of_kin_relationship": null, 
        "given_names": "SNAR0Z0JYQ", 
        "umrn": "", 
        "consent": true, 
        "date_of_migration": null, 
        "next_of_kin_state": null, 
        "sex": "M", 
        "postcode": 6666, 
        "next_of_kin_given_names": "", 
        "next_of_kin_work_phone": "", 
        "working_group": 1, 
        "next_of_kin_parent_place_of_birth": "", 
        "work_phone": "", 
        "next_of_kin_email": "", 
        "state": "WA", 
        "date_of_birth": "1984-02-02", 
        "home_phone": "", 
        "email": "", 
        "next_of_kin_family_name": "", 
        "mobile_phone": "", 
        "next_of_kin_address": "", 
        "suburb": "Suburb", 
        "address": "Address", 
        "active": true, 
        "next_of_kin_home_phone": "", 
        "family_name": "KPLDQOPI3X", 
        "inactive_reason": "", 
        "next_of_kin_mobile_phone": "", 
        "place_of_birth": "", 
        "next_of_kin_postcode": null, 
        "next_of_kin_suburb": ""
    }
},
{
    "pk": 3, 
    "model": "patients.patientdoctor", 
    "fields": {
        "patient": 3, 
        "relationship": "Primary Care", 
        "doctor": 1
    }
},
{
    "pk": 4, 
    "model": "patients.patientdoctor", 
    "fields": {
        "patient": 4, 
        "relationship": "Primary Care", 
        "doctor": 1
    }
},
{
    "pk": 5, 
    "model": "patients.patientdoctor", 
    "fields": {
        "patient": 5, 
        "relationship": "Primary Care", 
        "doctor": 1
    }
},
{
    "pk": 6, 
    "model": "patients.patientdoctor", 
    "fields": {
        "patient": 6, 
        "relationship": "Primary Care", 
        "doctor": 1
    }
},
{
    "pk": 7, 
    "model": "patients.patientdoctor", 
    "fields": {
        "patient": 7, 
        "relationship": "Primary Care", 
        "doctor": 1
    }
},
{
    "pk": 8, 
    "model": "patients.patientdoctor", 
    "fields": {
        "patient": 8, 
        "relationship": "Primary Care", 
        "doctor": 1
    }
},
{
    "pk": 9, 
    "model": "patients.patientdoctor", 
    "fields": {
        "patient": 9, 
        "relationship": "Primary Care", 
        "doctor": 1
    }
},
{
    "pk": 10, 
    "model": "patients.patientdoctor", 
    "fields": {
        "patient": 10, 
        "relationship": "Primary Care", 
        "doctor": 1
    }
},
{
    "pk": 11, 
    "model": "patients.patientdoctor", 
    "fields": {
        "patient": 11, 
        "relationship": "Primary Care", 
        "doctor": 1
    }
},
{
    "pk": 12, 
    "model": "patients.patientdoctor", 
    "fields": {
        "patient": 12, 
        "relationship": "Primary Care", 
        "doctor": 1
    }
},
{
    "pk": 13, 
    "model": "patients.patientdoctor", 
    "fields": {
        "patient": 13, 
        "relationship": "Primary Care", 
        "doctor": 1
    }
},
{
    "pk": 14, 
    "model": "patients.patientdoctor", 
    "fields": {
        "patient": 14, 
        "relationship": "Primary Care", 
        "doctor": 1
    }
},
{
    "pk": 15, 
    "model": "patients.patientdoctor", 
    "fields": {
        "patient": 15, 
        "relationship": "Primary Care", 
        "doctor": 1
    }
},
{
    "pk": 16, 
    "model": "patients.patientdoctor", 
    "fields": {
        "patient": 16, 
        "relationship": "Primary Care", 
        "doctor": 1
    }
},
{
    "pk": 17, 
    "model": "patients.patientdoctor", 
    "fields": {
        "patient": 17, 
        "relationship": "Primary Care", 
        "doctor": 1
    }
},
{
    "pk": 18, 
    "model": "patients.patientdoctor", 
    "fields": {
        "patient": 18, 
        "relationship": "Primary Care", 
        "doctor": 1
    }
},
{
    "pk": 19, 
    "model": "patients.patientdoctor", 
    "fields": {
        "patient": 19, 
        "relationship": "Primary Care", 
        "doctor": 1
    }
},
{
    "pk": 20, 
    "model": "patients.patientdoctor", 
    "fields": {
        "patient": 20, 
        "relationship": "Primary Care", 
        "doctor": 1
    }
},
{
    "pk": 21, 
    "model": "patients.patientdoctor", 
    "fields": {
        "patient": 21, 
        "relationship": "Primary Care", 
        "doctor": 1
    }
},
{
    "pk": 22, 
    "model": "patients.patientdoctor", 
    "fields": {
        "patient": 22, 
        "relationship": "Primary Care", 
        "doctor": 1
    }
},
{
    "pk": 23, 
    "model": "patients.patientdoctor", 
    "fields": {
        "patient": 23, 
        "relationship": "Primary Care", 
        "doctor": 1
    }
},
{
    "pk": 24, 
    "model": "patients.patientdoctor", 
    "fields": {
        "patient": 24, 
        "relationship": "Primary Care", 
        "doctor": 1
    }
},
{
    "pk": 25, 
    "model": "patients.patientdoctor", 
    "fields": {
        "patient": 25, 
        "relationship": "Primary Care", 
        "doctor": 1
    }
},
{
    "pk": 26, 
    "model": "patients.patientdoctor", 
    "fields": {
        "patient": 26, 
        "relationship": "Primary Care", 
        "doctor": 1
    }
},
{
    "pk": 27, 
    "model": "patients.patientdoctor", 
    "fields": {
        "patient": 27, 
        "relationship": "Primary Care", 
        "doctor": 1
    }
},
{
    "pk": 28, 
    "model": "patients.patientdoctor", 
    "fields": {
        "patient": 28, 
        "relationship": "Primary Care", 
        "doctor": 1
    }
},
{
    "pk": 29, 
    "model": "patients.patientdoctor", 
    "fields": {
        "patient": 29, 
        "relationship": "Primary Care", 
        "doctor": 1
    }
},
{
    "pk": 30, 
    "model": "patients.patientdoctor", 
    "fields": {
        "patient": 30, 
        "relationship": "Primary Care", 
        "doctor": 1
    }
},
{
    "pk": 31, 
    "model": "patients.patientdoctor", 
    "fields": {
        "patient": 31, 
        "relationship": "Primary Care", 
        "doctor": 1
    }
},
{
    "pk": 32, 
    "model": "patients.patientdoctor", 
    "fields": {
        "patient": 32, 
        "relationship": "Primary Care", 
        "doctor": 1
    }
},
{
    "pk": 3, 
    "model": "sma.diagnosis", 
    "fields": {
        "updated": "2015-04-17T14:13:26.629", 
        "patient": 3, 
        "classification": "", 
        "diagnosis": "", 
        "created": "2015-04-17T14:13:26.629"
    }
},
{
    "pk": 4, 
    "model": "sma.diagnosis", 
    "fields": {
        "updated": "2015-04-17T14:34:52.774", 
        "patient": 4, 
        "classification": "SMA1", 
        "diagnosis": "SMA", 
        "created": "2015-04-17T14:14:21.901"
    }
},
{
    "pk": 5, 
    "model": "sma.diagnosis", 
    "fields": {
        "updated": "2015-04-17T14:38:17.102", 
        "patient": 5, 
        "classification": "SMA2", 
        "diagnosis": "SMA", 
        "created": "2015-04-17T14:17:05.907"
    }
},
{
    "pk": 6, 
    "model": "sma.diagnosis", 
    "fields": {
        "updated": "2015-04-17T14:17:15.669", 
        "patient": 6, 
        "classification": "", 
        "diagnosis": "", 
        "created": "2015-04-17T14:17:15.669"
    }
},
{
    "pk": 7, 
    "model": "sma.diagnosis", 
    "fields": {
        "updated": "2015-04-17T14:17:26.188", 
        "patient": 7, 
        "classification": "", 
        "diagnosis": "", 
        "created": "2015-04-17T14:17:26.188"
    }
},
{
    "pk": 8, 
    "model": "sma.diagnosis", 
    "fields": {
        "updated": "2015-04-17T14:17:36.423", 
        "patient": 8, 
        "classification": "", 
        "diagnosis": "", 
        "created": "2015-04-17T14:17:36.423"
    }
},
{
    "pk": 9, 
    "model": "sma.diagnosis", 
    "fields": {
        "updated": "2015-04-17T14:17:47.096", 
        "patient": 9, 
        "classification": "", 
        "diagnosis": "", 
        "created": "2015-04-17T14:17:47.096"
    }
},
{
    "pk": 10, 
    "model": "sma.diagnosis", 
    "fields": {
        "updated": "2015-04-17T14:36:45.284", 
        "patient": 10, 
        "classification": "SMA3", 
        "diagnosis": "Oth", 
        "created": "2015-04-17T14:17:56.648"
    }
},
{
    "pk": 11, 
    "model": "sma.diagnosis", 
    "fields": {
        "updated": "2015-04-17T14:18:07.058", 
        "patient": 11, 
        "classification": "", 
        "diagnosis": "", 
        "created": "2015-04-17T14:18:07.058"
    }
},
{
    "pk": 12, 
    "model": "sma.diagnosis", 
    "fields": {
        "updated": "2015-04-17T14:18:17.709", 
        "patient": 12, 
        "classification": "", 
        "diagnosis": "", 
        "created": "2015-04-17T14:18:17.709"
    }
},
{
    "pk": 13, 
    "model": "sma.diagnosis", 
    "fields": {
        "updated": "2015-04-17T14:18:28.128", 
        "patient": 13, 
        "classification": "", 
        "diagnosis": "", 
        "created": "2015-04-17T14:18:28.128"
    }
},
{
    "pk": 14, 
    "model": "sma.diagnosis", 
    "fields": {
        "updated": "2015-04-17T14:18:38.762", 
        "patient": 14, 
        "classification": "", 
        "diagnosis": "", 
        "created": "2015-04-17T14:18:38.762"
    }
},
{
    "pk": 15, 
    "model": "sma.diagnosis", 
    "fields": {
        "updated": "2015-04-17T14:18:49.247", 
        "patient": 15, 
        "classification": "", 
        "diagnosis": "", 
        "created": "2015-04-17T14:18:49.247"
    }
},
{
    "pk": 16, 
    "model": "sma.diagnosis", 
    "fields": {
        "updated": "2015-04-17T14:18:59.863", 
        "patient": 16, 
        "classification": "", 
        "diagnosis": "", 
        "created": "2015-04-17T14:18:59.863"
    }
},
{
    "pk": 17, 
    "model": "sma.diagnosis", 
    "fields": {
        "updated": "2015-04-17T14:22:40.532", 
        "patient": 17, 
        "classification": "", 
        "diagnosis": "", 
        "created": "2015-04-17T14:22:40.532"
    }
},
{
    "pk": 18, 
    "model": "sma.diagnosis", 
    "fields": {
        "updated": "2015-04-17T14:22:52.204", 
        "patient": 18, 
        "classification": "", 
        "diagnosis": "", 
        "created": "2015-04-17T14:22:52.203"
    }
},
{
    "pk": 19, 
    "model": "sma.diagnosis", 
    "fields": {
        "updated": "2015-04-17T14:23:03.868", 
        "patient": 19, 
        "classification": "", 
        "diagnosis": "", 
        "created": "2015-04-17T14:23:03.868"
    }
},
{
    "pk": 20, 
    "model": "sma.diagnosis", 
    "fields": {
        "updated": "2015-04-17T14:23:14.685", 
        "patient": 20, 
        "classification": "", 
        "diagnosis": "", 
        "created": "2015-04-17T14:23:14.685"
    }
},
{
    "pk": 21, 
    "model": "sma.diagnosis", 
    "fields": {
        "updated": "2015-04-17T14:23:25.894", 
        "patient": 21, 
        "classification": "", 
        "diagnosis": "", 
        "created": "2015-04-17T14:23:25.894"
    }
},
{
    "pk": 22, 
    "model": "sma.diagnosis", 
    "fields": {
        "updated": "2015-04-17T14:23:36.318", 
        "patient": 22, 
        "classification": "", 
        "diagnosis": "", 
        "created": "2015-04-17T14:23:36.318"
    }
},
{
    "pk": 23, 
    "model": "sma.diagnosis", 
    "fields": {
        "updated": "2015-04-17T14:23:47.558", 
        "patient": 23, 
        "classification": "", 
        "diagnosis": "", 
        "created": "2015-04-17T14:23:47.558"
    }
},
{
    "pk": 24, 
    "model": "sma.diagnosis", 
    "fields": {
        "updated": "2015-04-17T14:23:58.489", 
        "patient": 24, 
        "classification": "", 
        "diagnosis": "", 
        "created": "2015-04-17T14:23:58.489"
    }
},
{
    "pk": 25, 
    "model": "sma.diagnosis", 
    "fields": {
        "updated": "2015-04-17T14:24:09.367", 
        "patient": 25, 
        "classification": "", 
        "diagnosis": "", 
        "created": "2015-04-17T14:24:09.367"
    }
},
{
    "pk": 26, 
    "model": "sma.diagnosis", 
    "fields": {
        "updated": "2015-04-17T14:24:19.513", 
        "patient": 26, 
        "classification": "", 
        "diagnosis": "", 
        "created": "2015-04-17T14:24:19.513"
    }
},
{
    "pk": 27, 
    "model": "sma.diagnosis", 
    "fields": {
        "updated": "2015-04-17T14:24:30.407", 
        "patient": 27, 
        "classification": "", 
        "diagnosis": "", 
        "created": "2015-04-17T14:24:30.407"
    }
},
{
    "pk": 28, 
    "model": "sma.diagnosis", 
    "fields": {
        "updated": "2015-04-17T14:37:45.333", 
        "patient": 28, 
        "classification": "SMA3", 
        "diagnosis": "Oth", 
        "created": "2015-04-17T14:24:41.427"
    }
},
{
    "pk": 29, 
    "model": "sma.diagnosis", 
    "fields": {
        "updated": "2015-04-17T14:24:52.126", 
        "patient": 29, 
        "classification": "", 
        "diagnosis": "", 
        "created": "2015-04-17T14:24:52.126"
    }
},
{
    "pk": 30, 
    "model": "sma.diagnosis", 
    "fields": {
        "updated": "2015-04-17T14:25:02.802", 
        "patient": 30, 
        "classification": "", 
        "diagnosis": "", 
        "created": "2015-04-17T14:25:02.802"
    }
},
{
    "pk": 31, 
    "model": "sma.diagnosis", 
    "fields": {
        "updated": "2015-04-17T14:25:13.753", 
        "patient": 31, 
        "classification": "", 
        "diagnosis": "", 
        "created": "2015-04-17T14:25:13.753"
    }
},
{
    "pk": 32, 
    "model": "sma.diagnosis", 
    "fields": {
        "updated": "2015-04-17T14:25:24.395", 
        "patient": 32, 
        "classification": "", 
        "diagnosis": "", 
        "created": "2015-04-17T14:25:24.395"
    }
},
{
    "pk": 1, 
    "model": "sma.motorfunction", 
    "fields": {
        "acquisition_age": null, 
        "sit": false, 
        "wheelchair_use": "permanent", 
        "best_function": "walking", 
        "walk": false, 
        "diagnosis": 4, 
        "wheelchair_usage_age": null
    }
},
{
    "pk": 2, 
    "model": "sma.motorfunction", 
    "fields": {
        "acquisition_age": 12, 
        "sit": false, 
        "wheelchair_use": "never", 
        "best_function": "none", 
        "walk": false, 
        "diagnosis": 10, 
        "wheelchair_usage_age": 21
    }
},
{
    "pk": 3, 
    "model": "sma.motorfunction", 
    "fields": {
        "acquisition_age": 44, 
        "sit": true, 
        "wheelchair_use": "permanent", 
        "best_function": "none", 
        "walk": true, 
        "diagnosis": 28, 
        "wheelchair_usage_age": 4
    }
},
{
    "pk": 4, 
    "model": "sma.motorfunction", 
    "fields": {
        "acquisition_age": 66, 
        "sit": true, 
        "wheelchair_use": "unknown", 
        "best_function": "sitting", 
        "walk": true, 
        "diagnosis": 5, 
        "wheelchair_usage_age": 66
    }
},
{
    "pk": 1, 
    "model": "sma.surgery", 
    "fields": {
        "surgery": true, 
        "diagnosis": 10
    }
},
{
    "pk": 2, 
    "model": "sma.surgery", 
    "fields": {
        "surgery": false, 
        "diagnosis": 28
    }
},
{
    "pk": 3, 
    "model": "sma.surgery", 
    "fields": {
        "surgery": true, 
        "diagnosis": 5
    }
},
{
    "pk": 1, 
    "model": "sma.feedingfunction", 
    "fields": {
        "gastric_nasal_tube": true, 
        "diagnosis": 10
    }
},
{
    "pk": 2, 
    "model": "sma.feedingfunction", 
    "fields": {
        "gastric_nasal_tube": false, 
        "diagnosis": 28
    }
},
{
    "pk": 1, 
    "model": "sma.respiratory", 
    "fields": {
        "non_invasive_ventilation": "Y", 
        "fvc": null, 
        "fvc_date": null, 
        "diagnosis": 4, 
        "invasive_ventilation": "Y"
    }
},
{
    "pk": 2, 
    "model": "sma.respiratory", 
    "fields": {
        "non_invasive_ventilation": "PT", 
        "fvc": 12, 
        "fvc_date": "2010-01-01", 
        "diagnosis": 10, 
        "invasive_ventilation": "PT"
    }
},
{
    "pk": 3, 
    "model": "sma.respiratory", 
    "fields": {
        "non_invasive_ventilation": "Y", 
        "fvc": 43, 
        "fvc_date": "2014-01-01", 
        "diagnosis": 28, 
        "invasive_ventilation": "PT"
    }
},
{
    "pk": 4, 
    "model": "sma.respiratory", 
    "fields": {
        "non_invasive_ventilation": "PT", 
        "fvc": 7, 
        "fvc_date": "2010-01-01", 
        "diagnosis": 5, 
        "invasive_ventilation": "Y"
    }
},
{
    "pk": 1, 
    "model": "sma.clinicaltrials", 
    "fields": {
        "drug_name": "dddsdfad", 
        "trial_sponsor": "asdfsadf", 
        "trial_name": "sadfsadf", 
        "diagnosis": 10, 
        "trial_phase": "sadfsadf"
    }
},
{
    "pk": 1, 
    "model": "sma.otherregistries", 
    "fields": {
        "registry": "asdfsadf", 
        "diagnosis": 10
    }
},
{
    "pk": 2, 
    "model": "sma.otherregistries", 
    "fields": {
        "registry": "yuikjjhyk", 
        "diagnosis": 5
    }
},
{
    "pk": 1, 
    "model": "sma.familymember", 
    "fields": {
        "registry_patient": null, 
        "family_member_diagnosis": "Non", 
        "relationship": "Parent", 
        "diagnosis": 10, 
        "sex": "F"
    }
},
{
    "pk": 2, 
    "model": "sma.familymember", 
    "fields": {
        "registry_patient": null, 
        "family_member_diagnosis": "Non", 
        "relationship": "Grandparent", 
        "diagnosis": 28, 
        "sex": "X"
    }
},
{
    "pk": 1, 
    "model": "sma.notes", 
    "fields": {
        "notes": "asfdas dfasdf sadf asdf asdfasdf", 
        "diagnosis": 10
    }
},
{
    "pk": 2, 
    "model": "sma.notes", 
    "fields": {
        "notes": "sdfgsd fgsdfg sdfg", 
        "diagnosis": 28
    }
}
]
